SET statement_timeout = 0;
SET lock_timeout = 0;
SET client_encoding = 'UTF8';
SET standard_conforming_strings = on;
SELECT pg_catalog.set_config('search_path', '', false);
SET check_function_bodies = false;
SET xmloption = content;
SET client_min_messages = warning;
SET row_security = off;

SET default_tablespace = '';
SET default_table_access_method = heap;

CREATE TABLE public.inventory (
    id bigint NOT NULL,
    created_at timestamp(6) with time zone,
    is_active boolean,
    quantity integer NOT NULL,
    reserved_quantity integer NOT NULL,
    updated_at timestamp(6) with time zone,
    variant_id bigint NOT NULL,
    warehouse_id bigint NOT NULL
);

ALTER TABLE public.inventory ALTER COLUMN id ADD GENERATED BY DEFAULT AS IDENTITY (
    SEQUENCE NAME public.inventory_id_seq
    START WITH 1
    INCREMENT BY 1
    NO MINVALUE
    NO MAXVALUE
    CACHE 1
);


CREATE TABLE public.inventory_transactions (
    id bigint NOT NULL,
    code character varying(255) NOT NULL,
    created_at timestamp(6) with time zone,
    created_by bigint,
    note character varying(255),
    quantity integer NOT NULL,
    reference_code character varying(255),
    reference_type character varying(255),
    status character varying(255),
    transaction_type character varying(255),
    updated_at timestamp(6) with time zone,
    updated_by bigint,
    inventory_id bigint NOT NULL,
    price_per_item numeric(38,2)
);


ALTER TABLE public.inventory_transactions ALTER COLUMN id ADD GENERATED BY DEFAULT AS IDENTITY (
    SEQUENCE NAME public.inventory_transactions_id_seq
    START WITH 1
    INCREMENT BY 1
    NO MINVALUE
    NO MAXVALUE
    CACHE 1
);


CREATE TABLE public.purchase_order_items (
    id bigint NOT NULL,
    import_price numeric(38,2),
    quantity integer NOT NULL,
    subtotal numeric(38,2),
    variant_id bigint NOT NULL,
    purchase_order_id bigint NOT NULL
);


ALTER TABLE public.purchase_order_items ALTER COLUMN id ADD GENERATED BY DEFAULT AS IDENTITY (
    SEQUENCE NAME public.purchase_order_items_id_seq
    START WITH 1
    INCREMENT BY 1
    NO MINVALUE
    NO MAXVALUE
    CACHE 1
);


CREATE TABLE public.purchase_orders (
    id bigint NOT NULL,
    code character varying(255) NOT NULL,
    created_at timestamp(6) with time zone,
    created_by bigint NOT NULL,
    status character varying(255),
    total_amount numeric(38,2),
    updated_at timestamp(6) with time zone,
    updated_by bigint NOT NULL,
    supplier_id bigint NOT NULL,
    warehouse_id bigint NOT NULL
);

ALTER TABLE public.purchase_orders ALTER COLUMN id ADD GENERATED BY DEFAULT AS IDENTITY (
    SEQUENCE NAME public.purchase_orders_id_seq
    START WITH 1
    INCREMENT BY 1
    NO MINVALUE
    NO MAXVALUE
    CACHE 1
);

CREATE TABLE public.suppliers (
    id bigint NOT NULL,
    address character varying(255),
    created_at timestamp(6) with time zone,
    email character varying(255),
    name character varying(255),
    phone character varying(255),
    tax_code character varying(255),
    updated_at timestamp(6) with time zone,
    code character varying(255),
    description character varying(255)
);


ALTER TABLE public.suppliers ALTER COLUMN id ADD GENERATED BY DEFAULT AS IDENTITY (
    SEQUENCE NAME public.suppliers_id_seq
    START WITH 1
    INCREMENT BY 1
    NO MINVALUE
    NO MAXVALUE
    CACHE 1
);

CREATE TABLE public.warehouses (
    id bigint NOT NULL,
    address character varying(255),
    created_at timestamp(6) with time zone,
    description character varying(255),
    name character varying(255),
    updated_at timestamp(6) with time zone,
    code character varying(255)
);


ALTER TABLE public.warehouses ALTER COLUMN id ADD GENERATED BY DEFAULT AS IDENTITY (
    SEQUENCE NAME public.warehouses_id_seq
    START WITH 1
    INCREMENT BY 1
    NO MINVALUE
    NO MAXVALUE
    CACHE 1
);


COPY public.inventory (id, created_at, is_active, quantity, reserved_quantity, updated_at, variant_id, warehouse_id) FROM stdin;
17	2025-11-04 22:15:58.566989+07	t	99	0	2025-11-04 22:28:42.089046+07	14	4
18	2025-11-04 22:49:42.211359+07	t	50	0	2025-11-04 22:49:47.228344+07	15	4
13	2025-11-02 14:26:01.476043+07	t	100	1	2025-11-02 20:40:19.01262+07	9	2
8	2025-10-19 13:11:53.838254+07	t	1	1	2025-10-26 19:10:57.569492+07	9	4
5	2025-10-15 11:02:09.702546+07	t	26	26	2025-10-23 18:02:40.24079+07	5	4
9	2025-10-25 21:12:21.0865+07	t	4	4	2025-11-01 16:27:46.984398+07	11	4
1	2025-10-11 14:36:27.323223+07	t	105	8	2025-11-02 22:09:13.332475+07	4	2
4	2025-10-14 22:30:25.772199+07	t	23	1	2025-11-02 22:26:08.698028+07	4	4
12	2025-11-02 14:26:01.460064+07	t	98	0	2025-11-02 22:26:10.849315+07	10	2
14	2025-11-02 14:26:01.481174+07	t	49	1	2025-11-02 22:39:18.875027+07	5	2
2	2025-10-11 14:36:27.371558+07	t	67	3	2025-11-02 22:39:26.825299+07	3	2
7	2025-10-15 11:40:12.987833+07	t	0	0	2025-11-04 10:38:51.571429+07	3	4
11	2025-10-26 19:16:24.374957+07	t	97	0	2025-11-04 11:23:32.736457+07	12	4
10	2025-10-25 21:14:36.420003+07	t	6	6	2025-11-04 14:59:56.136579+07	12	2
6	2025-10-15 11:27:31.937557+07	t	21	7	2025-11-04 15:17:49.740221+07	2	4
3	2025-10-11 21:34:37.705566+07	t	221	12	2025-11-04 15:17:51.75166+07	2	2
15	2025-11-02 14:26:01.489217+07	t	91	4	2025-11-04 16:07:07.46609+07	11	2
\.


--
-- Data for Name: inventory_transactions; Type: TABLE DATA; Schema: public; Owner: huy
--

COPY public.inventory_transactions (id, code, created_at, created_by, note, quantity, reference_code, reference_type, status, transaction_type, updated_at, updated_by, inventory_id, price_per_item) FROM stdin;
2	PK-11102025-2	2025-10-11 14:36:27.375559+07	3		2	NH-11102025-1	PURCHASE_ORDER	COMPLETED	IMPORT	2025-10-11 15:04:59.207499+07	3	2	\N
1	PK-11102025-1	2025-10-11 14:36:27.363632+07	3		4	NH-11102025-1	PURCHASE_ORDER	CANCELLED	IMPORT	2025-10-11 15:15:01.239643+07	3	1	\N
3	PK-11102025-3	2025-10-11 15:36:07.878341+07	3	Tra hang	1	\N	\N	COMPLETED	IMPORT	2025-10-11 15:38:54.338763+07	3	1	\N
5	PK-11102025-4	2025-10-11 20:08:46.935171+07	3		1	\N	\N	COMPLETED	EXPORT	2025-10-11 20:13:28.060728+07	3	2	\N
7	PK-11102025-6	2025-10-11 20:15:11.884049+07	3		2	NH-11102025-2	PURCHASE_ORDER	COMPLETED	IMPORT	2025-10-11 20:15:42.689386+07	3	1	\N
6	PK-11102025-5	2025-10-11 20:15:11.880048+07	3		1	NH-11102025-2	PURCHASE_ORDER	COMPLETED	IMPORT	2025-10-11 20:15:44.337366+07	3	2	\N
8	PK-11102025-7	2025-10-11 20:16:14.299309+07	3		2	NH-11102025-3	PURCHASE_ORDER	COMPLETED	IMPORT	2025-10-11 20:16:29.023896+07	3	2	\N
10	PK-11102025-9	2025-10-11 21:34:37.708567+07	3		8	NH-11102025-5	PURCHASE_ORDER	COMPLETED	IMPORT	2025-10-11 21:35:23.483269+07	3	3	\N
9	PK-11102025-8	2025-10-11 21:34:18.621132+07	3		1	NH-11102025-4	PURCHASE_ORDER	COMPLETED	IMPORT	2025-10-11 21:35:25.231422+07	3	1	\N
11	PK-13102025-1	2025-10-13 18:18:07.686977+07	3		6	\N	\N	COMPLETED	IMPORT	2025-10-13 18:18:20.538441+07	3	1	\N
12	PK-13102025-2	2025-10-13 18:21:29.274576+07	3		123	\N	\N	COMPLETED	IMPORT	2025-10-13 18:21:31.49642+07	3	3	\N
13	PK-13102025-3	2025-10-13 18:22:56.494102+07	3		1	\N	\N	COMPLETED	IMPORT	2025-10-13 18:22:59.325065+07	3	2	\N
14	PK-13102025-4	2025-10-13 18:31:24.530424+07	3		2	\N	\N	COMPLETED	IMPORT	2025-10-13 18:31:27.170694+07	3	2	\N
27	PK-13102025-5	2025-10-13 18:47:20.173345+07	3		7	\N	\N	COMPLETED	EXPORT	2025-10-13 18:47:38.632685+07	3	2	\N
28	PK-13102025-6	2025-10-13 18:47:56.396255+07	3		19	\N	\N	COMPLETED	IMPORT	2025-10-13 18:48:02.288247+07	3	2	\N
29	PK-13102025-7	2025-10-13 18:48:45.801665+07	3		12	\N	\N	COMPLETED	IMPORT	2025-10-13 18:49:01.449894+07	3	1	\N
30	PK-13102025-8	2025-10-13 18:49:52.388732+07	3		8	\N	\N	COMPLETED	IMPORT	2025-10-13 18:50:02.642852+07	3	1	\N
31	PK-13102025-9	2025-10-13 18:50:29.841724+07	3		10	\N	\N	COMPLETED	EXPORT	2025-10-13 18:50:33.399934+07	3	1	\N
32	PK-13102025-10	2025-10-13 18:53:49.227663+07	3		131	\N	\N	COMPLETED	EXPORT	2025-10-13 18:54:15.322886+07	3	3	\N
33	PK-13102025-11	2025-10-13 18:54:46.104324+07	3		20	\N	\N	COMPLETED	EXPORT	2025-10-13 18:54:47.686133+07	3	1	\N
34	PK-13102025-12	2025-10-13 18:55:01.24266+07	3		19	\N	\N	COMPLETED	EXPORT	2025-10-13 18:55:02.721155+07	3	2	\N
35	PK-13102025-13	2025-10-13 18:55:09.110185+07	3		11	\N	\N	COMPLETED	IMPORT	2025-10-13 18:56:16.46404+07	3	2	\N
36	PK-13102025-14	2025-10-13 19:02:33.871464+07	3		11	\N	\N	COMPLETED	IMPORT	2025-10-13 19:02:40.982062+07	3	3	\N
37	PK-13102025-15	2025-10-13 19:02:56.004081+07	3		3	\N	\N	CANCELLED	EXPORT	2025-10-13 19:03:17.265915+07	3	2	\N
39	PK-13102025-17	2025-10-13 19:09:24.586024+07	3		4	\N	\N	COMPLETED	EXPORT	2025-10-13 19:09:27.448978+07	3	3	\N
38	PK-13102025-16	2025-10-13 19:09:08.676337+07	3		3	\N	\N	CANCELLED	EXPORT	2025-10-13 19:09:38.830274+07	3	3	\N
40	PK-13102025-18	2025-10-13 19:18:09.382588+07	3		9	\N	\N	COMPLETED	IMPORT	2025-10-13 19:18:20.049516+07	3	1	\N
41	PK-13102025-19	2025-10-13 19:19:09.802438+07	3		99	\N	\N	COMPLETED	IMPORT	2025-10-13 19:19:14.028505+07	3	3	\N
42	PK-13102025-20	2025-10-13 19:19:36.622625+07	3		6	\N	\N	COMPLETED	EXPORT	2025-10-13 19:19:44.596521+07	3	3	\N
43	PK-14102025-1	2025-10-14 13:12:08.648132+07	3		2	\N	\N	COMPLETED	EXPORT	2025-10-14 13:12:26.899553+07	3	2	\N
44	PK-14102025-2	2025-10-14 13:12:51.504887+07	3		3	\N	\N	COMPLETED	IMPORT	2025-10-14 13:12:58.850335+07	3	2	\N
45	PK-14102025-3	2025-10-14 13:13:15.557256+07	3		3	\N	\N	CANCELLED	EXPORT	2025-10-14 13:13:22.831145+07	3	2	\N
46	PK-14102025-4	2025-10-14 22:30:25.778202+07	3		23	NH-14102025-1	PURCHASE_ORDER	COMPLETED	IMPORT	2025-10-14 22:32:07.892506+07	3	4	\N
47	PK-15102025-1	2025-10-15 11:02:09.706128+07	3	\N	12	NH-15102025-2	PURCHASE_ORDER	COMPLETED	IMPORT	2025-10-15 11:22:14.934733+07	3	5	33333.00
48	PK-15102025-2	2025-10-15 11:23:22.981195+07	3	\N	12	NH-15102025-1	PURCHASE_ORDER	COMPLETED	IMPORT	2025-10-15 11:23:33.286497+07	3	3	100000.00
49	PK-15102025-3	2025-10-15 11:26:27.991262+07	3	\N	12	NH-15102025-3	PURCHASE_ORDER	COMPLETED	IMPORT	2025-10-15 11:26:36.480433+07	3	3	22.00
50	PK-15102025-4	2025-10-15 11:27:31.942565+07	3	\N	12	NH-15102025-4	PURCHASE_ORDER	COMPLETED	IMPORT	2025-10-15 11:32:13.121665+07	3	6	33.00
52	PK-15102025-6	2025-10-15 11:40:12.995876+07	3	\N	3	NH-15102025-5	PURCHASE_ORDER	COMPLETED	IMPORT	2025-10-15 11:40:47.464081+07	3	5	4.00
51	PK-15102025-5	2025-10-15 11:40:12.990869+07	3	\N	1	NH-15102025-5	PURCHASE_ORDER	COMPLETED	IMPORT	2025-10-15 11:40:48.846742+07	3	7	4.00
53	PK-15102025-7	2025-10-15 12:03:37.590767+07	3	hu	1	\N	\N	CANCELLED	ADJUSTMENT	2025-10-15 12:06:43.033634+07	3	4	\N
54	PK-15102025-8	2025-10-15 12:06:51.252589+07	3		1	\N	\N	COMPLETED	ADJUST	2025-10-15 12:06:52.752773+07	3	4	\N
55	PK-16102025-1	2025-10-16 18:33:00.336811+07	3	\N	323	NH-16102025-2	PURCHASE_ORDER	PENDING	IMPORT	2025-10-16 18:33:00.336811+07	\N	5	12.00
56	PK-16102025-2	2025-10-16 18:33:00.343853+07	3	\N	33	NH-16102025-2	PURCHASE_ORDER	PENDING	IMPORT	2025-10-16 18:33:00.343853+07	\N	7	12.00
57	PK-19102025-1	2025-10-19 13:11:53.846277+07	3	\N	1	NH-19102025-1	PURCHASE_ORDER	COMPLETED	IMPORT	2025-10-19 13:11:58.034893+07	3	8	2.00
58	EXP-20102025-1	2025-10-20 19:06:52.988994+07	3		1	\N	\N	COMPLETED	EXPORT	2025-10-20 19:06:55.511221+07	3	7	\N
59	RES-22102025-1	2025-10-22 15:22:00.520655+07	\N	\N	3	DATN-20251022-4	ORDER	\N	RESERVE	2025-10-22 15:22:00.520655+07	\N	5	\N
60	RES-22102025-2	2025-10-22 15:22:00.571325+07	\N	\N	1	DATN-20251022-4	ORDER	\N	RESERVE	2025-10-22 15:22:00.571325+07	\N	3	\N
61	RES-22102025-3	2025-10-22 21:22:47.371346+07	\N	\N	3	DATN-20251022-5	ORDER	\N	RESERVE	2025-10-22 21:22:47.371346+07	\N	5	\N
62	RES-22102025-4	2025-10-22 21:22:47.440857+07	\N	\N	1	DATN-20251022-5	ORDER	\N	RESERVE	2025-10-22 21:22:47.440857+07	\N	3	\N
63	RES-23102025-1	2025-10-23 15:16:08.004645+07	\N	\N	3	DATN-20251023-6	ORDER	\N	RESERVE	2025-10-23 15:16:08.004645+07	\N	5	\N
64	RES-23102025-2	2025-10-23 15:16:08.063349+07	\N	\N	1	DATN-20251023-6	ORDER	\N	RESERVE	2025-10-23 15:16:08.063349+07	\N	3	\N
65	RES-23102025-3	2025-10-23 15:20:32.160543+07	\N	\N	3	DATN-20251023-7	ORDER	\N	RESERVE	2025-10-23 15:20:32.160543+07	\N	5	\N
66	RES-23102025-4	2025-10-23 15:20:32.193062+07	\N	\N	1	DATN-20251023-7	ORDER	\N	RESERVE	2025-10-23 15:20:32.193062+07	\N	3	\N
67	RES-23102025-5	2025-10-23 15:25:39.384369+07	\N	\N	3	DATN-20251023-8	ORDER	\N	RESERVE	2025-10-23 15:25:39.384369+07	\N	5	\N
68	RES-23102025-6	2025-10-23 15:25:39.413998+07	\N	\N	1	DATN-20251023-8	ORDER	\N	RESERVE	2025-10-23 15:25:39.413998+07	\N	3	\N
69	RES-23102025-7	2025-10-23 16:03:49.911176+07	\N	\N	1	DATN-20251023-10	ORDER	PENDING	RESERVE	2025-10-23 16:03:49.911176+07	\N	3	\N
72	IMP-23102025-8	2025-10-23 16:28:08.443648+07	3	\N	2	NH-23102025-1	PURCHASE_ORDER	COMPLETED	IMPORT	2025-10-23 16:28:22.191927+07	3	5	112.00
75	ADJ-23102025-9	2025-10-23 17:25:12.885562+07	3		2	\N	\N	COMPLETED	ADJUST	2025-10-23 17:25:14.757429+07	3	5	\N
76	ADJ-23102025-10	2025-10-23 17:29:01.126537+07	3		2	\N	\N	COMPLETED	ADJUST	2025-10-23 17:29:02.84406+07	3	5	\N
77	IMP-23102025-11	2025-10-23 17:30:55.376546+07	3	\N	2	NH-23102025-2	PURCHASE_ORDER	COMPLETED	IMPORT	2025-10-23 17:30:59.812641+07	3	5	333.00
78	ADJ-23102025-12	2025-10-23 17:42:26.311498+07	3		3	\N	\N	COMPLETED	ADJUST	2025-10-23 17:42:28.022749+07	3	5	\N
79	EXP-23102025-13	2025-10-23 17:42:48.591338+07	3		2	\N	\N	COMPLETED	EXPORT	2025-10-23 17:42:50.499558+07	3	5	\N
80	IMP-23102025-14	2025-10-23 17:50:40.345073+07	3		2	\N	\N	COMPLETED	IMPORT	2025-10-23 17:50:42.359494+07	3	5	\N
81	RES-23102025-15	2025-10-23 18:02:40.239789+07	\N	\N	11	DATN-20251023-24	ORDER	PENDING	RESERVE	2025-10-23 18:02:40.239789+07	\N	5	\N
83	RES-23102025-17	2025-10-23 18:44:34.525402+07	\N	\N	2	DATN-20251023-26	ORDER	PENDING	RESERVE	2025-10-23 18:44:34.525402+07	\N	1	\N
84	RES-23102025-18	2025-10-23 18:45:27.59822+07	\N	\N	2	DATN-20251023-27	ORDER	PENDING	RESERVE	2025-10-23 18:45:27.59822+07	\N	1	\N
85	RES-23102025-19	2025-10-23 18:47:08.333957+07	\N	\N	2	DATN-20251023-28	ORDER	PENDING	RESERVE	2025-10-23 18:47:08.333957+07	\N	1	\N
86	RES-23102025-20	2025-10-23 18:59:53.494532+07	\N	\N	1	DATN-20251023-29	ORDER	PENDING	RESERVE	2025-10-23 18:59:53.494532+07	\N	1	\N
87	RES-23102025-21	2025-10-23 18:59:53.498545+07	\N	\N	1	DATN-20251023-29	ORDER	PENDING	RESERVE	2025-10-23 18:59:53.498545+07	\N	4	\N
88	RES-23102025-22	2025-10-23 19:03:00.201253+07	\N	\N	1	DATN-20251023-30	ORDER	PENDING	RESERVE	2025-10-23 19:03:00.201253+07	\N	8	\N
89	RES-23102025-23	2025-10-23 19:09:43.511159+07	\N	\N	1	DATN-20251023-31	ORDER	PENDING	RESERVE	2025-10-23 19:09:43.511159+07	\N	3	\N
90	RES-23102025-24	2025-10-23 19:11:39.661508+07	\N	\N	1	DATN-20251023-32	ORDER	PENDING	RESERVE	2025-10-23 19:11:39.661508+07	\N	3	\N
91	RES-23102025-25	2025-10-23 19:12:34.461663+07	\N	\N	1	DATN-20251023-33	ORDER	PENDING	RESERVE	2025-10-23 19:12:34.461663+07	\N	3	\N
92	RES-23102025-26	2025-10-23 19:14:44.386501+07	\N	\N	1	DATN-20251023-34	ORDER	PENDING	RESERVE	2025-10-23 19:14:44.386501+07	\N	3	\N
93	IMP-23102025-27	2025-10-23 21:10:59.197069+07	3	\N	13	NH-23102025-3	PURCHASE_ORDER	COMPLETED	IMPORT	2025-10-23 21:11:03.160238+07	3	2	123.00
94	RES-23102025-28	2025-10-23 21:13:16.639368+07	\N	\N	1	DATN-20251023-35	ORDER	PENDING	RESERVE	2025-10-23 21:13:16.639368+07	\N	3	\N
95	RES-23102025-29	2025-10-23 21:13:16.674344+07	\N	\N	2	DATN-20251023-35	ORDER	PENDING	RESERVE	2025-10-23 21:13:16.674344+07	\N	2	\N
96	RES-23102025-30	2025-10-23 22:08:46.127612+07	\N	\N	1	DATN-20251023-36	ORDER	PENDING	RESERVE	2025-10-23 22:08:46.127612+07	\N	3	\N
98	REL-24102025-2	2025-10-24 14:58:49.75155+07	\N	ORDER_CANCELLED	1	DATN-20251024-37	ORDER	COMPLETED	RELEASE	2025-10-24 14:58:49.75155+07	\N	3	\N
97	RES-24102025-1	2025-10-24 14:58:26.227779+07	\N	\N	1	DATN-20251024-37	ORDER	CANCELED	RESERVE	2025-10-24 14:58:49.752566+07	\N	3	\N
100	REL-24102025-4	2025-10-24 15:08:38.441924+07	\N	ORDER_CANCELLED	1	DATN-20251024-38	ORDER	COMPLETED	RELEASE	2025-10-24 15:08:38.441924+07	\N	3	\N
99	RES-24102025-3	2025-10-24 15:08:00.188675+07	\N	\N	1	DATN-20251024-38	ORDER	CANCELLED	RESERVE	2025-10-24 15:08:38.442924+07	\N	3	\N
101	EXP-24102025-5	2025-10-24 19:27:20.32565+07	\N	\N	2	DATN-20251023-26	ORDER	\N	EXPORT	2025-10-24 19:27:20.32565+07	\N	1	990000.00
102	EXP-24102025-6	2025-10-24 19:32:57.375907+07	3	\N	1	DATN-20251023-33	ORDER	PENDING	EXPORT	2025-10-24 19:32:57.375907+07	\N	3	90000.00
103	EXP-24102025-7	2025-10-24 20:28:43.151961+07	3	\N	1	DATN-20251023-32	ORDER	COMPLETED	EXPORT	2025-10-24 20:44:38.234183+07	3	3	90000.00
104	EXP-24102025-8	2025-10-24 20:46:03.999822+07	3	\N	1	DATN-20251023-30	ORDER	CANCELLED	EXPORT	2025-10-24 20:52:23.658802+07	3	8	100000.00
105	IMP-24102025-9	2025-10-24 20:53:08.640277+07	3		1	\N	\N	COMPLETED	IMPORT	2025-10-24 20:53:11.716318+07	3	8	\N
106	RES-24102025-10	2025-10-24 20:53:25.408943+07	\N	\N	1	DATN-20251024-39	ORDER	PENDING	RESERVE	2025-10-24 20:53:25.408943+07	\N	8	\N
107	EXP-24102025-11	2025-10-24 20:54:25.087149+07	3	\N	1	DATN-20251024-39	ORDER	CANCELLED	EXPORT	2025-10-24 20:54:57.033961+07	3	8	100000.00
108	IMP-24102025-12	2025-10-24 20:55:05.916437+07	3		1	\N	\N	COMPLETED	IMPORT	2025-10-24 20:55:07.443942+07	3	8	\N
109	RES-24102025-13	2025-10-24 20:55:21.013929+07	\N	\N	1	DATN-20251024-40	ORDER	PENDING	RESERVE	2025-10-24 20:55:21.013929+07	\N	8	\N
110	EXP-24102025-14	2025-10-24 20:55:37.054023+07	3	\N	1	DATN-20251024-40	ORDER	COMPLETED	EXPORT	2025-10-24 20:55:42.776431+07	3	8	100000.00
111	IMP-25102025-1	2025-10-25 09:30:46.35499+07	3	\N	2	NH-25102025-1	PURCHASE_ORDER	COMPLETED	IMPORT	2025-10-25 09:30:51.076453+07	3	8	1234.00
112	RES-25102025-2	2025-10-25 16:23:42.64223+07	\N	\N	1	DATN-20251025-41	ORDER	PENDING	RESERVE	2025-10-25 16:23:42.64223+07	\N	8	\N
113	RES-25102025-3	2025-10-25 16:23:42.73985+07	\N	\N	3	DATN-20251025-41	ORDER	PENDING	RESERVE	2025-10-25 16:23:42.73985+07	\N	6	\N
114	IMP-25102025-4	2025-10-25 21:12:21.094526+07	3	\N	10	NH-25102025-2	PURCHASE_ORDER	COMPLETED	IMPORT	2025-10-25 21:12:24.25994+07	3	9	1200000.00
115	IMP-25102025-5	2025-10-25 21:14:36.423515+07	3	\N	11	NH-25102025-3	PURCHASE_ORDER	COMPLETED	IMPORT	2025-10-25 21:14:59.43179+07	3	10	1000000.00
116	RES-25102025-6	2025-10-25 22:34:50.948915+07	\N	\N	1	DATN-20251025-42	ORDER	PENDING	RESERVE	2025-10-25 22:34:50.948915+07	\N	10	\N
117	EXP-25102025-7	2025-10-25 22:35:51.213341+07	3	\N	1	DATN-20251025-42	ORDER	COMPLETED	EXPORT	2025-10-25 22:36:09.815663+07	3	10	12000000.00
118	RES-26102025-1	2025-10-26 19:10:03.134363+07	\N	\N	1	DATN-20251026-43	ORDER	PENDING	RESERVE	2025-10-26 19:10:03.134363+07	\N	8	\N
119	EXP-26102025-2	2025-10-26 19:10:40.843979+07	3	\N	1	DATN-20251026-43	ORDER	COMPLETED	EXPORT	2025-10-26 19:10:57.611473+07	3	8	10000000.00
121	IMP-26102025-4	2025-10-26 19:16:24.385943+07	3	\N	13	NH-26102025-1	PURCHASE_ORDER	COMPLETED	IMPORT	2025-10-26 19:16:32.72307+07	3	6	1233.00
120	IMP-26102025-3	2025-10-26 19:16:24.380946+07	3	\N	3	NH-26102025-1	PURCHASE_ORDER	COMPLETED	IMPORT	2025-10-26 19:17:14.838105+07	3	11	1000000.00
124	RES-30102025-1	2025-10-30 14:29:21.76799+07	\N	\N	1	DATN-20251030-46	ORDER	PENDING	RESERVE	2025-10-30 14:29:21.76799+07	\N	10	\N
125	EXP-30102025-2	2025-10-30 14:29:42.484054+07	3	\N	1	DATN-20251030-46	ORDER	CANCELLED	EXPORT	2025-10-30 14:34:26.929895+07	3	11	12000000.00
126	RES-30102025-3	2025-10-30 14:49:49.399812+07	\N	\N	1	DATN-20251030-47	ORDER	PENDING	RESERVE	2025-10-30 14:49:49.399812+07	\N	10	\N
127	EXP-30102025-4	2025-10-30 14:50:18.951524+07	3	\N	1	DATN-20251030-47	ORDER	CANCELLED	EXPORT	2025-10-30 15:10:54.625794+07	3	11	12000000.00
128	RES-30102025-5	2025-10-30 15:11:17.854736+07	\N	\N	1	DATN-20251030-48	ORDER	PENDING	RESERVE	2025-10-30 15:11:17.854736+07	\N	10	\N
123	RES-28102025-2	2025-10-28 21:58:06.528196+07	\N	\N	0	DATN-20251028-45	ORDER	COMPLETED	RESERVE	2025-10-30 15:19:37.915617+07	\N	2	\N
122	RES-28102025-1	2025-10-28 21:44:59.854138+07	\N	\N	0	DATN-20251028-44	ORDER	COMPLETED	RESERVE	2025-10-30 19:47:38.413664+07	\N	6	\N
178	RES-01112025-39	2025-11-01 15:55:26.734404+07	\N	\N	1	DATN-20251101-62	ORDER	COMPLETED	RESERVE	2025-11-01 15:57:23.11669+07	\N	6	\N
82	RES-23102025-16	2025-10-23 18:43:25.916326+07	\N	\N	2	DATN-20251023-25	ORDER	COMPLETED	RESERVE	2025-11-02 14:46:37.595193+07	\N	1	\N
129	EXP-30102025-6	2025-10-30 15:11:56.48698+07	3	\N	1	DATN-20251030-48	ORDER	CANCELLED	EXPORT	2025-10-30 15:17:33.573175+07	3	11	12000000.00
130	RES-30102025-7	2025-10-30 15:17:46.670641+07	\N	\N	0	DATN-20251030-49	ORDER	COMPLETED	RESERVE	2025-10-30 15:18:01.394833+07	\N	10	\N
131	EXP-30102025-8	2025-10-30 15:18:01.392822+07	3	\N	1	DATN-20251030-49	ORDER	COMPLETED	EXPORT	2025-10-30 15:18:07.21673+07	3	10	12000000.00
132	EXP-30102025-9	2025-10-30 15:19:37.914625+07	3	\N	1	DATN-20251028-45	ORDER	CANCELLED	EXPORT	2025-10-30 15:20:20.168972+07	3	2	20000000.00
133	EXP-30102025-10	2025-10-30 19:47:38.392822+07	3	\N	1	DATN-20251028-44	ORDER	COMPLETED	EXPORT	2025-10-30 19:47:43.917742+07	3	6	11700000.00
134	IMP-30102025-11	2025-10-30 23:44:30.071655+07	3	\N	21	NH-29102025-1	PURCHASE_ORDER	PENDING	IMPORT	2025-10-30 23:44:30.071655+07	\N	7	32.00
135	RES-31102025-1	2025-10-31 16:28:09.806879+07	\N	\N	1	DATN-20251031-50	ORDER	PENDING	RESERVE	2025-10-31 16:28:09.806879+07	\N	9	\N
136	RES-31102025-2	2025-10-31 20:13:17.448387+07	\N	\N	0	DATN-20251031-51	ORDER	COMPLETED	RESERVE	2025-10-31 20:13:49.467402+07	\N	9	\N
137	EXP-31102025-3	2025-10-31 20:13:49.462095+07	3	\N	1	DATN-20251031-51	ORDER	COMPLETED	EXPORT	2025-10-31 20:17:40.841983+07	3	9	11760000.00
138	RES-31102025-4	2025-10-31 23:24:02.046526+07	\N	\N	0	DATN-20251031-52	ORDER	COMPLETED	RESERVE	2025-10-31 23:29:13.836865+07	\N	2	\N
139	EXP-31102025-5	2025-10-31 23:29:13.83487+07	3	\N	1	DATN-20251031-52	ORDER	COMPLETED	EXPORT	2025-10-31 23:29:17.392117+07	3	2	20000000.00
140	RES-01112025-1	2025-11-01 12:12:16.827507+07	\N	\N	0	DATN-20251101-null	ORDER	COMPLETED	RESERVE	2025-11-01 12:12:45.518969+07	\N	9	\N
141	RES-01112025-2	2025-11-01 12:12:16.880825+07	\N	\N	0	DATN-20251101-null	ORDER	COMPLETED	RESERVE	2025-11-01 12:12:45.5241+07	\N	2	\N
142	EXP-01112025-3	2025-11-01 12:12:45.51597+07	3	\N	1	DATN-20251101-null	ORDER	COMPLETED	EXPORT	2025-11-01 12:12:54.541171+07	3	9	11760000.00
143	EXP-01112025-4	2025-11-01 12:12:45.5231+07	3	\N	2	DATN-20251101-53	ORDER	COMPLETED	EXPORT	2025-11-01 12:29:33.917499+07	3	2	20000000.00
144	RES-01112025-5	2025-11-01 12:30:46.678294+07	\N	\N	0	DATN-20251101-54	ORDER	COMPLETED	RESERVE	2025-11-01 12:30:57.813526+07	\N	2	\N
145	RES-01112025-6	2025-11-01 12:30:46.717598+07	\N	\N	0	DATN-20251101-54	ORDER	COMPLETED	RESERVE	2025-11-01 12:30:57.818527+07	\N	11	\N
152	RES-01112025-13	2025-11-01 14:36:15.162826+07	\N	\N	0	DATN-20251101-56	ORDER	COMPLETED	RESERVE	2025-11-01 14:38:58.147118+07	\N	2	\N
153	RES-01112025-14	2025-11-01 14:36:15.216995+07	\N	\N	0	DATN-20251101-56	ORDER	COMPLETED	RESERVE	2025-11-01 14:38:58.153996+07	\N	9	\N
156	EXP-01112025-17	2025-11-01 14:38:58.143776+07	3		1	DATN-20251101-56	ORDER	CANCELLED	EXPORT	2025-11-01 14:39:05.381012+07	3	2	20000000.00
146	EXP-01112025-7	2025-11-01 12:30:57.811527+07	3	\N	1	DATN-20251101-54	ORDER	COMPLETED	EXPORT	2025-11-01 12:46:24.95177+07	3	2	20000000.00
147	EXP-01112025-8	2025-11-01 12:30:57.817527+07	3	\N	2	DATN-20251101-54	ORDER	COMPLETED	EXPORT	2025-11-01 12:46:39.061882+07	3	11	12500000.00
148	RES-01112025-9	2025-11-01 12:47:11.171+07	\N	\N	0	DATN-20251101-55	ORDER	COMPLETED	RESERVE	2025-11-01 12:48:45.745577+07	\N	9	\N
149	RES-01112025-10	2025-11-01 12:47:11.215573+07	\N	\N	0	DATN-20251101-55	ORDER	COMPLETED	RESERVE	2025-11-01 12:48:45.750608+07	\N	6	\N
150	EXP-01112025-11	2025-11-01 12:48:45.742578+07	3	Het hang	1	DATN-20251101-55	ORDER	CANCELLED	EXPORT	2025-11-01 13:35:29.084079+07	3	9	11760000.00
151	EXP-01112025-12	2025-11-01 12:48:45.748582+07	3	\N	1	DATN-20251101-55	ORDER	CANCELLED	EXPORT	2025-11-01 13:35:29.121123+07	\N	6	11700000.00
157	EXP-01112025-18	2025-11-01 14:38:58.152591+07	3		1	DATN-20251101-56	ORDER	CANCELLED	EXPORT	2025-11-01 14:39:05.41812+07	\N	9	11760000.00
154	RES-01112025-15	2025-11-01 14:36:15.313092+07	\N	\N	0	DATN-20251101-57	ORDER	COMPLETED	RESERVE	2025-11-01 14:49:57.589656+07	\N	2	\N
155	RES-01112025-16	2025-11-01 14:36:15.343401+07	\N	\N	0	DATN-20251101-57	ORDER	COMPLETED	RESERVE	2025-11-01 14:49:57.600237+07	\N	9	\N
159	EXP-01112025-20	2025-11-01 14:49:57.598235+07	3	huy het	1	DATN-20251101-57	ORDER	CANCELLED	EXPORT	2025-11-01 14:57:43.05104+07	3	9	11760000.00
158	EXP-01112025-19	2025-11-01 14:49:57.572117+07	3		1	DATN-20251101-57	ORDER	CANCELLED	EXPORT	2025-11-01 15:03:44.367567+07	3	2	20000000.00
166	RES-01112025-27	2025-11-01 15:12:57.528872+07	\N	\N	0	DATN-20251101-59	ORDER	COMPLETED	RESERVE	2025-11-01 15:13:20.932605+07	\N	9	\N
162	EXP-01112025-23	2025-11-01 15:06:06.579213+07	3		1	DATN-20251101-58	ORDER	CANCELLED	EXPORT	2025-11-01 15:06:21.495362+07	3	2	20000000.00
163	EXP-01112025-24	2025-11-01 15:06:06.585604+07	3		1	DATN-20251101-58	ORDER	CANCELLED	EXPORT	2025-11-01 15:06:21.498365+07	\N	10	12500000.00
164	REL-01112025-25	2025-11-01 15:06:21.503591+07	\N		0	DATN-20251101-58	ORDER	COMPLETED	RELEASE	2025-11-01 15:06:21.503591+07	\N	2	\N
160	RES-01112025-21	2025-11-01 15:05:08.936529+07	\N	\N	0	DATN-20251101-58	ORDER	CANCELLED	RESERVE	2025-11-01 15:06:21.505593+07	\N	2	\N
165	REL-01112025-26	2025-11-01 15:06:21.506592+07	\N		0	DATN-20251101-58	ORDER	COMPLETED	RELEASE	2025-11-01 15:06:21.506592+07	\N	10	\N
161	RES-01112025-22	2025-11-01 15:05:08.971307+07	\N	\N	0	DATN-20251101-58	ORDER	CANCELLED	RESERVE	2025-11-01 15:06:21.516514+07	\N	10	\N
167	EXP-01112025-28	2025-11-01 15:13:20.930094+07	3		1	DATN-20251101-59	ORDER	COMPLETED	EXPORT	2025-11-01 15:30:38.165236+07	3	9	11760000.00
175	EXP-01112025-36	2025-11-01 15:35:57.854237+07	3		1	DATN-20251101-61	ORDER	COMPLETED	EXPORT	2025-11-01 15:37:26.753623+07	3	9	11760000.00
174	RES-01112025-35	2025-11-01 15:35:27.112263+07	\N	\N	1	DATN-20251101-61	ORDER	COMPLETED	RESERVE	2025-11-01 15:37:26.772504+07	\N	9	\N
170	EXP-01112025-31	2025-11-01 15:31:47.923742+07	3		1	DATN-20251101-60	ORDER	CANCELLED	EXPORT	2025-11-01 15:35:01.23211+07	3	9	11760000.00
171	EXP-01112025-32	2025-11-01 15:31:47.929902+07	3		1	DATN-20251101-60	ORDER	CANCELLED	EXPORT	2025-11-01 15:35:01.2596+07	\N	10	12500000.00
172	REL-01112025-33	2025-11-01 15:35:01.269818+07	\N		0	DATN-20251101-60	ORDER	COMPLETED	RELEASE	2025-11-01 15:35:01.269818+07	\N	9	\N
168	RES-01112025-29	2025-11-01 15:31:01.382274+07	\N	\N	0	DATN-20251101-60	ORDER	CANCELLED	RESERVE	2025-11-01 15:35:01.280377+07	\N	9	\N
173	REL-01112025-34	2025-11-01 15:35:01.282389+07	\N		0	DATN-20251101-60	ORDER	COMPLETED	RELEASE	2025-11-01 15:35:01.282389+07	\N	10	\N
169	RES-01112025-30	2025-11-01 15:31:01.406561+07	\N	\N	0	DATN-20251101-60	ORDER	CANCELLED	RESERVE	2025-11-01 15:35:01.386449+07	\N	10	\N
181	EXP-01112025-42	2025-11-01 15:56:52.472+07	3		1	DATN-20251101-62	ORDER	COMPLETED	EXPORT	2025-11-01 15:57:23.11269+07	3	6	11700000.00
176	RES-01112025-37	2025-11-01 15:55:26.650702+07	\N	\N	1	DATN-20251101-62	ORDER	COMPLETED	RESERVE	2025-11-01 15:57:23.11669+07	\N	2	\N
177	RES-01112025-38	2025-11-01 15:55:26.702519+07	\N	\N	2	DATN-20251101-62	ORDER	COMPLETED	RESERVE	2025-11-01 15:57:23.11669+07	\N	9	\N
180	EXP-01112025-41	2025-11-01 15:56:52.462438+07	3		2	DATN-20251101-62	ORDER	COMPLETED	EXPORT	2025-11-01 15:57:35.324872+07	3	9	11760000.00
179	EXP-01112025-40	2025-11-01 15:56:52.456412+07	3		1	DATN-20251101-62	ORDER	COMPLETED	EXPORT	2025-11-01 15:57:46.017786+07	3	2	20000000.00
182	RES-01112025-43	2025-11-01 16:27:46.981459+07	\N	\N	2	DATN-20251101-63	ORDER	PENDING	RESERVE	2025-11-01 16:27:46.981459+07	\N	9	\N
183	IMP-01112025-44	2025-11-01 17:24:56.641009+07	3		100	NH-01112025-1	PURCHASE_ORDER	COMPLETED	IMPORT	2025-11-01 17:25:23.266945+07	3	11	10000000.00
185	EXP-01112025-46	2025-11-01 17:26:20.57126+07	3		1	DATN-20251101-64	ORDER	COMPLETED	EXPORT	2025-11-01 17:26:25.161652+07	3	10	12500000.00
184	RES-01112025-45	2025-11-01 17:26:01.505537+07	\N	\N	1	DATN-20251101-64	ORDER	COMPLETED	RESERVE	2025-11-01 17:26:25.199233+07	\N	10	\N
186	RES-02112025-1	2025-11-02 12:37:14.687415+07	\N	\N	1	DATN-20251102-65	ORDER	PENDING	RESERVE	2025-11-02 12:37:14.687415+07	\N	2	\N
187	RES-02112025-2	2025-11-02 12:58:16.954662+07	\N	\N	1	DATN-20251102-66	ORDER	PENDING	RESERVE	2025-11-02 12:58:16.954662+07	\N	11	\N
188	RES-02112025-3	2025-11-02 12:58:16.995241+07	\N	\N	1	DATN-20251102-66	ORDER	PENDING	RESERVE	2025-11-02 12:58:16.995241+07	\N	2	\N
189	RES-02112025-4	2025-11-02 13:01:20.206096+07	\N	\N	1	DATN-20251102-67	ORDER	PENDING	RESERVE	2025-11-02 13:01:20.206096+07	\N	6	\N
190	RES-02112025-5	2025-11-02 13:05:31.43526+07	\N	\N	1	DATN-20251102-68	ORDER	PENDING	RESERVE	2025-11-02 13:05:31.43526+07	\N	6	\N
195	RES-02112025-10	2025-11-02 13:41:20.942688+07	\N	\N	1	DATN-20251102-73	ORDER	PENDING	RESERVE	2025-11-02 13:41:20.942688+07	\N	6	\N
196	RES-02112025-11	2025-11-02 13:43:47.091258+07	\N	\N	1	DATN-20251102-74	ORDER	PENDING	RESERVE	2025-11-02 13:43:47.091258+07	\N	6	\N
198	RES-02112025-13	2025-11-02 13:49:15.657421+07	\N	\N	1	DATN-20251102-76	ORDER	PENDING	RESERVE	2025-11-02 13:49:15.657421+07	\N	2	\N
203	EXP-02112025-18	2025-11-02 14:16:10.724082+07	3		1	DATN-20251102-75	ORDER	COMPLETED	EXPORT	2025-11-02 14:16:15.923355+07	3	6	11700000.00
197	RES-02112025-12	2025-11-02 13:43:52.587283+07	\N	\N	1	DATN-20251102-75	ORDER	COMPLETED	RESERVE	2025-11-02 14:16:15.970013+07	\N	6	\N
202	EXP-02112025-17	2025-11-02 14:16:06.272169+07	3		1	DATN-20251102-77	ORDER	COMPLETED	EXPORT	2025-11-02 14:16:17.363951+07	3	2	20000000.00
199	RES-02112025-14	2025-11-02 13:49:57.691665+07	\N	\N	1	DATN-20251102-77	ORDER	COMPLETED	RESERVE	2025-11-02 14:16:17.378251+07	\N	2	\N
201	EXP-02112025-16	2025-11-02 14:10:21.117963+07	3		1	DATN-20251102-72	ORDER	COMPLETED	EXPORT	2025-11-02 14:16:18.718274+07	3	6	11700000.00
194	RES-02112025-9	2025-11-02 13:39:33.43563+07	\N	\N	1	DATN-20251102-72	ORDER	COMPLETED	RESERVE	2025-11-02 14:16:18.735851+07	\N	6	\N
200	EXP-02112025-15	2025-11-02 14:10:18.765997+07	3	toi huy don hang	1	DATN-20251102-71	ORDER	CANCELLED	EXPORT	2025-11-02 14:16:31.421097+07	3	2	20000000.00
193	RES-02112025-8	2025-11-02 13:37:45.988894+07	\N	\N	1	DATN-20251102-71	ORDER	CANCELLED	RESERVE	2025-11-02 14:16:31.435739+07	\N	2	\N
210	IMP-02112025-25	2025-11-02 14:26:01.492217+07	3		100	NH-02112025-1	PURCHASE_ORDER	COMPLETED	IMPORT	2025-11-02 14:26:08.687205+07	3	15	13000000.00
209	IMP-02112025-24	2025-11-02 14:26:01.48721+07	3		50	NH-02112025-1	PURCHASE_ORDER	COMPLETED	IMPORT	2025-11-02 14:26:10.121175+07	3	2	15000000.00
208	IMP-02112025-23	2025-11-02 14:26:01.483174+07	3		50	NH-02112025-1	PURCHASE_ORDER	COMPLETED	IMPORT	2025-11-02 14:26:11.432123+07	3	14	13000000.00
207	IMP-02112025-22	2025-11-02 14:26:01.479174+07	3		100	NH-02112025-1	PURCHASE_ORDER	COMPLETED	IMPORT	2025-11-02 14:26:12.657186+07	3	13	8900000.00
206	IMP-02112025-21	2025-11-02 14:26:01.474083+07	3		100	NH-02112025-1	PURCHASE_ORDER	COMPLETED	IMPORT	2025-11-02 14:26:13.991652+07	3	3	8900000.00
205	IMP-02112025-20	2025-11-02 14:26:01.469574+07	3		100	NH-02112025-1	PURCHASE_ORDER	COMPLETED	IMPORT	2025-11-02 14:26:15.401422+07	3	1	9000000.00
204	IMP-02112025-19	2025-11-02 14:26:01.464128+07	3		100	NH-02112025-1	PURCHASE_ORDER	COMPLETED	IMPORT	2025-11-02 14:26:17.261464+07	3	12	9000000.00
211	EXP-02112025-26	2025-11-02 14:46:32.685052+07	3		2	DATN-20251023-25	ORDER	COMPLETED	EXPORT	2025-11-02 14:46:37.582369+07	3	1	990000.00
213	EXP-02112025-28	2025-11-02 15:56:40.873502+07	3		1	DATN-20251102-78	ORDER	COMPLETED	EXPORT	2025-11-02 15:56:46.58089+07	3	15	11760000.00
212	RES-02112025-27	2025-11-02 15:56:28.9509+07	\N	\N	1	DATN-20251102-78	ORDER	COMPLETED	RESERVE	2025-11-02 15:56:46.59951+07	\N	15	\N
216	EXP-02112025-31	2025-11-02 15:58:49.517849+07	3		1	DATN-20251102-79	ORDER	COMPLETED	EXPORT	2025-11-02 15:58:53.470936+07	3	15	15000000.00
215	RES-02112025-30	2025-11-02 15:58:38.859253+07	\N	\N	1	DATN-20251102-79	ORDER	COMPLETED	RESERVE	2025-11-02 15:58:53.492695+07	\N	15	\N
214	EXP-02112025-29	2025-11-02 15:57:04.877543+07	3		1	DATN-20251102-69	ORDER	COMPLETED	EXPORT	2025-11-02 15:59:38.11194+07	3	2	20000000.00
191	RES-02112025-6	2025-11-02 13:12:58.060072+07	\N	\N	1	DATN-20251102-69	ORDER	COMPLETED	RESERVE	2025-11-02 15:59:38.125637+07	\N	2	\N
222	EXP-02112025-37	2025-11-02 20:58:29.127145+07	22		2	DATN-20251102-80	ORDER	CANCELLED	EXPORT	2025-11-02 20:58:42.775502+07	22	12	9800000.00
217	RES-02112025-32	2025-11-02 20:40:18.942872+07	\N	\N	1	DATN-20251102-80	ORDER	CANCELLED	RESERVE	2025-11-02 20:58:42.781537+07	\N	1	\N
218	RES-02112025-33	2025-11-02 20:40:19.01162+07	\N	\N	1	DATN-20251102-80	ORDER	CANCELLED	RESERVE	2025-11-02 20:58:42.781537+07	\N	13	\N
219	RES-02112025-34	2025-11-02 20:40:19.038907+07	\N	\N	2	DATN-20251102-80	ORDER	CANCELLED	RESERVE	2025-11-02 20:58:42.781537+07	\N	12	\N
220	EXP-02112025-35	2025-11-02 20:58:29.112373+07	22		1	DATN-20251102-80	ORDER	CANCELLED	EXPORT	2025-11-02 20:58:42.781537+07	\N	1	9900000.00
221	EXP-02112025-36	2025-11-02 20:58:29.120101+07	22		1	DATN-20251102-80	ORDER	CANCELLED	EXPORT	2025-11-02 20:58:42.781537+07	\N	13	10000000.00
223	REL-02112025-38	2025-11-02 21:17:21.945178+07	\N	ORDER_CANCELLED	1	DATN-20251102-70	ORDER	COMPLETED	RELEASE	2025-11-02 21:17:21.945178+07	\N	2	\N
192	RES-02112025-7	2025-11-02 13:15:27.325111+07	\N	\N	1	DATN-20251102-70	ORDER	CANCELLED	RESERVE	2025-11-02 21:17:21.965475+07	\N	2	\N
227	REL-02112025-42	2025-11-02 21:30:23.951188+07	\N		1	DATN-20251102-82	ORDER	COMPLETED	RELEASE	2025-11-02 21:30:23.951188+07	\N	12	\N
226	RES-02112025-41	2025-11-02 21:29:01.457429+07	\N	\N	1	DATN-20251102-82	ORDER	CANCELLED	RESERVE	2025-11-02 21:30:23.953691+07	\N	12	\N
228	EXP-02112025-43	2025-11-02 21:30:41.29539+07	3		1	DATN-20251102-81	ORDER	CANCELLED	EXPORT	2025-11-02 21:31:17.586241+07	3	15	15000000.00
229	EXP-02112025-44	2025-11-02 21:30:41.302489+07	3		1	DATN-20251102-81	ORDER	CANCELLED	EXPORT	2025-11-02 21:31:17.592253+07	\N	10	12500000.00
224	RES-02112025-39	2025-11-02 21:28:52.128705+07	\N	\N	1	DATN-20251102-81	ORDER	CANCELLED	RESERVE	2025-11-02 21:31:17.629066+07	\N	15	\N
225	RES-02112025-40	2025-11-02 21:28:52.180197+07	\N	\N	1	DATN-20251102-81	ORDER	CANCELLED	RESERVE	2025-11-02 21:31:17.629066+07	\N	10	\N
235	EXP-02112025-50	2025-11-02 21:39:00.765703+07	3		1	DATN-20251102-84	ORDER	CANCELLED	EXPORT	2025-11-02 21:39:28.652996+07	3	2	20000000.00
234	EXP-02112025-49	2025-11-02 21:39:00.761692+07	3		1	DATN-20251102-84	ORDER	CANCELLED	EXPORT	2025-11-02 21:39:28.660832+07	\N	14	17955000.00
232	RES-02112025-47	2025-11-02 21:37:03.131835+07	\N	\N	1	DATN-20251102-84	ORDER	CANCELLED	RESERVE	2025-11-02 21:39:28.671418+07	\N	14	\N
233	RES-02112025-48	2025-11-02 21:37:03.160841+07	\N	\N	1	DATN-20251102-84	ORDER	CANCELLED	RESERVE	2025-11-02 21:39:28.671418+07	\N	2	\N
236	EXP-02112025-51	2025-11-02 21:45:58.912306+07	3		1	DATN-20251102-83	ORDER	CANCELLED	EXPORT	2025-11-02 21:46:41.305655+07	3	15	15000000.00
237	EXP-02112025-52	2025-11-02 21:45:58.939874+07	3		1	DATN-20251102-83	ORDER	CANCELLED	EXPORT	2025-11-02 21:46:41.320224+07	\N	10	12500000.00
238	REL-02112025-53	2025-11-02 21:46:41.324735+07	\N		1	DATN-20251102-83	ORDER	COMPLETED	RELEASE	2025-11-02 21:46:41.324735+07	\N	15	\N
230	RES-02112025-45	2025-11-02 21:36:49.555898+07	\N	\N	1	DATN-20251102-83	ORDER	CANCELLED	RESERVE	2025-11-02 21:46:41.328938+07	\N	15	\N
239	REL-02112025-54	2025-11-02 21:46:41.331937+07	\N		1	DATN-20251102-83	ORDER	COMPLETED	RELEASE	2025-11-02 21:46:41.331937+07	\N	10	\N
231	RES-02112025-46	2025-11-02 21:36:49.577273+07	\N	\N	1	DATN-20251102-83	ORDER	CANCELLED	RESERVE	2025-11-02 21:46:41.362259+07	\N	10	\N
244	RES-02112025-59	2025-11-02 21:57:27.42016+07	\N	\N	1	DATN-20251102-87	ORDER	PENDING	RESERVE	2025-11-02 21:57:27.42016+07	\N	12	\N
246	EXP-02112025-61	2025-11-02 22:07:08.442646+07	3		1	DATN-20251102-88	ORDER	COMPLETED	EXPORT	2025-11-02 22:07:20.294575+07	3	15	15000000.00
245	RES-02112025-60	2025-11-02 22:06:45.706103+07	\N	\N	1	DATN-20251102-88	ORDER	COMPLETED	RESERVE	2025-11-02 22:07:20.310454+07	\N	15	\N
247	EXP-02112025-62	2025-11-02 22:07:49.535068+07	3		2	DATN-20251102-86	ORDER	COMPLETED	EXPORT	2025-11-02 22:07:58.601703+07	3	15	15000000.00
242	RES-02112025-57	2025-11-02 21:48:36.799388+07	\N	\N	2	DATN-20251102-86	ORDER	COMPLETED	RESERVE	2025-11-02 22:07:58.605709+07	\N	15	\N
243	RES-02112025-58	2025-11-02 21:48:36.830402+07	\N	\N	1	DATN-20251102-86	ORDER	COMPLETED	RESERVE	2025-11-02 22:07:58.605709+07	\N	10	\N
248	EXP-02112025-63	2025-11-02 22:07:49.539825+07	3		1	DATN-20251102-86	ORDER	COMPLETED	EXPORT	2025-11-02 22:08:04.484398+07	3	10	12500000.00
249	EXP-02112025-64	2025-11-02 22:08:25.426054+07	3		1	DATN-20251102-85	ORDER	COMPLETED	EXPORT	2025-11-02 22:09:07.512009+07	3	12	9800000.00
240	RES-02112025-55	2025-11-02 21:47:50.927488+07	\N	\N	1	DATN-20251102-85	ORDER	COMPLETED	RESERVE	2025-11-02 22:09:07.516101+07	\N	12	\N
241	RES-02112025-56	2025-11-02 21:47:50.948427+07	\N	\N	1	DATN-20251102-85	ORDER	COMPLETED	RESERVE	2025-11-02 22:09:07.516101+07	\N	1	\N
250	EXP-02112025-65	2025-11-02 22:08:25.429054+07	3		1	DATN-20251102-85	ORDER	CANCELLED	EXPORT	2025-11-02 22:09:13.332475+07	3	1	9900000.00
254	EXP-02112025-69	2025-11-02 22:13:01.179767+07	3		1	DATN-20251102-89	ORDER	COMPLETED	EXPORT	2025-11-02 22:13:26.99502+07	3	12	9800000.00
251	RES-02112025-66	2025-11-02 22:12:46.505403+07	\N	\N	1	DATN-20251102-89	ORDER	COMPLETED	RESERVE	2025-11-02 22:13:27.000017+07	\N	15	\N
252	RES-02112025-67	2025-11-02 22:12:46.552023+07	\N	\N	1	DATN-20251102-89	ORDER	COMPLETED	RESERVE	2025-11-02 22:13:27.000017+07	\N	12	\N
253	EXP-02112025-68	2025-11-02 22:13:01.173755+07	3		1	DATN-20251102-89	ORDER	CANCELLED	EXPORT	2025-11-02 22:14:08.213526+07	3	15	15000000.00
258	EXP-02112025-73	2025-11-02 22:25:32.313965+07	3		1	DATN-20251102-90	ORDER	COMPLETED	EXPORT	2025-11-02 22:26:08.707026+07	3	4	9900000.00
256	RES-02112025-71	2025-11-02 22:25:21.629994+07	\N	\N	1	DATN-20251102-90	ORDER	COMPLETED	RESERVE	2025-11-02 22:26:08.713051+07	\N	4	\N
257	EXP-02112025-72	2025-11-02 22:25:32.306455+07	3		1	DATN-20251102-90	ORDER	CANCELLED	EXPORT	2025-11-02 22:26:10.813565+07	3	12	9800000.00
259	REL-02112025-74	2025-11-02 22:26:10.823082+07	\N		1	DATN-20251102-90	ORDER	COMPLETED	RELEASE	2025-11-02 22:26:10.823082+07	\N	12	\N
255	RES-02112025-70	2025-11-02 22:25:21.580683+07	\N	\N	1	DATN-20251102-90	ORDER	CANCELLED	RESERVE	2025-11-02 22:26:10.849315+07	\N	12	\N
262	EXP-02112025-77	2025-11-02 22:30:02.643003+07	3		1	DATN-20251102-91	ORDER	COMPLETED	EXPORT	2025-11-02 22:30:11.420838+07	3	15	15000000.00
260	RES-02112025-75	2025-11-02 22:28:07.795143+07	\N	\N	1	DATN-20251102-91	ORDER	COMPLETED	RESERVE	2025-11-02 22:30:11.42484+07	\N	15	\N
263	EXP-02112025-78	2025-11-02 22:30:02.647003+07	3		1	DATN-20251102-91	ORDER	CANCELLED	EXPORT	2025-11-02 22:30:34.262104+07	3	11	12500000.00
264	REL-02112025-79	2025-11-02 22:30:34.269105+07	\N		1	DATN-20251102-91	ORDER	COMPLETED	RELEASE	2025-11-02 22:30:34.269105+07	\N	11	\N
261	RES-02112025-76	2025-11-02 22:28:07.8271+07	\N	\N	1	DATN-20251102-91	ORDER	CANCELLED	RESERVE	2025-11-02 22:30:34.27948+07	\N	11	\N
269	EXP-02112025-84	2025-11-02 22:39:00.841643+07	3		1	DATN-20251102-92	ORDER	COMPLETED	EXPORT	2025-11-02 22:39:18.882026+07	3	14	17955000.00
265	RES-02112025-80	2025-11-02 22:38:06.883194+07	\N	\N	1	DATN-20251102-92	ORDER	COMPLETED	RESERVE	2025-11-02 22:39:18.887039+07	\N	14	\N
270	EXP-02112025-85	2025-11-02 22:39:00.848642+07	3		1	DATN-20251102-92	ORDER	CANCELLED	EXPORT	2025-11-02 22:39:26.789713+07	3	2	20000000.00
273	REL-02112025-88	2025-11-02 22:39:26.798712+07	\N		1	DATN-20251102-92	ORDER	COMPLETED	RELEASE	2025-11-02 22:39:26.798712+07	\N	2	\N
266	RES-02112025-81	2025-11-02 22:38:06.920033+07	\N	\N	1	DATN-20251102-92	ORDER	CANCELLED	RESERVE	2025-11-02 22:39:26.825299+07	\N	2	\N
271	EXP-02112025-86	2025-11-02 22:39:03.197771+07	3		1	DATN-20251102-93	ORDER	COMPLETED	EXPORT	2025-11-02 22:58:28.906801+07	3	10	12500000.00
267	RES-02112025-82	2025-11-02 22:38:26.845184+07	\N	\N	1	DATN-20251102-93	ORDER	COMPLETED	RESERVE	2025-11-02 22:58:28.913796+07	\N	10	\N
272	EXP-02112025-87	2025-11-02 22:39:03.203771+07	3		2	DATN-20251102-93	ORDER	CANCELLED	EXPORT	2025-11-02 22:58:54.113274+07	3	15	15000000.00
274	REL-02112025-89	2025-11-02 22:58:54.126284+07	\N		2	DATN-20251102-93	ORDER	COMPLETED	RELEASE	2025-11-02 22:58:54.126284+07	\N	15	\N
268	RES-02112025-83	2025-11-02 22:38:26.868242+07	\N	\N	2	DATN-20251102-93	ORDER	CANCELLED	RESERVE	2025-11-02 22:58:54.173236+07	\N	15	\N
278	EXP-02112025-93	2025-11-02 22:59:59.305711+07	3		1	DATN-20251102-94	ORDER	COMPLETED	EXPORT	2025-11-02 23:01:19.319502+07	3	15	15000000.00
276	RES-02112025-91	2025-11-02 22:59:48.216807+07	\N	\N	1	DATN-20251102-94	ORDER	COMPLETED	RESERVE	2025-11-02 23:01:19.32491+07	\N	15	\N
277	EXP-02112025-92	2025-11-02 22:59:59.29871+07	3		1	DATN-20251102-94	ORDER	CANCELLED	EXPORT	2025-11-02 23:01:20.887444+07	3	11	12500000.00
280	REL-02112025-95	2025-11-02 23:01:20.895905+07	\N		1	DATN-20251102-94	ORDER	COMPLETED	RELEASE	2025-11-02 23:01:20.895905+07	\N	11	\N
275	RES-02112025-90	2025-11-02 22:59:48.195648+07	\N	\N	1	DATN-20251102-94	ORDER	CANCELLED	RESERVE	2025-11-02 23:01:20.905993+07	\N	11	\N
281	EXP-02112025-96	2025-11-02 23:01:39.487292+07	3		3	DATN-20251102-95	ORDER	COMPLETED	EXPORT	2025-11-03 11:54:18.464482+07	3	11	12500000.00
279	RES-02112025-94	2025-11-02 23:00:36.794604+07	\N	\N	3	DATN-20251102-95	ORDER	COMPLETED	RESERVE	2025-11-03 11:54:18.890901+07	\N	11	\N
283	RES-03112025-1	2025-11-03 17:59:36.987522+07	\N	\N	1	DATN-20251103-96	ORDER	PENDING	RESERVE	2025-11-03 17:59:36.987522+07	\N	15	\N
284	RES-03112025-2	2025-11-03 19:54:53.586391+07	\N	\N	1	DATN-20251103-97	ORDER	PENDING	RESERVE	2025-11-03 19:54:53.586391+07	\N	15	\N
285	RES-03112025-3	2025-11-03 20:02:06.479928+07	\N	\N	1	DATN-20251103-98	ORDER	PENDING	RESERVE	2025-11-03 20:02:06.479928+07	\N	15	\N
289	EXP-03112025-7	2025-11-03 20:38:16.031755+07	3		1	DATN-20251103-99	ORDER	COMPLETED	EXPORT	2025-11-03 20:38:27.600477+07	3	15	15000000.00
286	RES-03112025-4	2025-11-03 20:08:38.954433+07	\N	\N	1	DATN-20251103-99	ORDER	COMPLETED	RESERVE	2025-11-03 20:38:27.645742+07	\N	15	\N
288	EXP-03112025-6	2025-11-03 20:38:13.890731+07	3		1	DATN-20251103-100	ORDER	CANCELLED	EXPORT	2025-11-03 20:38:31.852813+07	3	15	15000000.00
290	REL-03112025-8	2025-11-03 20:38:31.861438+07	\N		1	DATN-20251103-100	ORDER	COMPLETED	RELEASE	2025-11-03 20:38:31.861438+07	\N	15	\N
287	RES-03112025-5	2025-11-03 20:23:01.799394+07	\N	\N	1	DATN-20251103-100	ORDER	CANCELLED	RESERVE	2025-11-03 20:38:31.873643+07	\N	15	\N
291	RES-03112025-9	2025-11-03 21:01:28.806551+07	\N	\N	1	DATN-20251103-101	ORDER	PENDING	RESERVE	2025-11-03 21:01:28.806551+07	\N	15	\N
293	EXP-03112025-11	2025-11-03 22:14:14.406399+07	3		1	DATN-20251103-102	ORDER	COMPLETED	EXPORT	2025-11-04 11:23:32.756252+07	3	11	12500000.00
292	RES-03112025-10	2025-11-03 21:46:44.959415+07	\N	\N	1	DATN-20251103-102	ORDER	COMPLETED	RESERVE	2025-11-04 11:23:32.891429+07	\N	11	\N
295	RES-04112025-2	2025-11-04 15:10:18.730963+07	\N	\N	1	DATN-20251104-103	ORDER	PENDING	RESERVE	2025-11-04 15:10:18.730963+07	\N	3	\N
294	ADJ-04112025-1	2025-11-04 12:03:38.475609+07	3		1	\N	\N	CANCELLED	ADJUST	2025-11-04 16:04:43.022701+07	3	11	\N
297	EXP-04112025-4	2025-11-04 16:04:33.991401+07	3		1	DATN-20251104-106	ORDER	COMPLETED	EXPORT	2025-11-04 16:07:07.511404+07	3	15	15000000.00
296	RES-04112025-3	2025-11-04 16:00:10.805365+07	\N	\N	1	DATN-20251104-106	ORDER	COMPLETED	RESERVE	2025-11-04 16:07:07.570816+07	\N	15	\N
298	IMP-04112025-5	2025-11-04 22:15:58.579648+07	3		100	NH-04112025-1	PURCHASE_ORDER	COMPLETED	IMPORT	2025-11-04 22:20:05.518974+07	3	17	9000000.00
300	EXP-04112025-7	2025-11-04 22:28:37.234458+07	3		1	DATN-20251104-107	ORDER	COMPLETED	EXPORT	2025-11-04 22:28:42.100051+07	3	17	10000000.00
299	RES-04112025-6	2025-11-04 22:28:04.618774+07	\N	\N	1	DATN-20251104-107	ORDER	COMPLETED	RESERVE	2025-11-04 22:28:42.144123+07	\N	17	\N
301	IMP-04112025-8	2025-11-04 22:49:42.217472+07	3		50	NH-04112025-2	PURCHASE_ORDER	COMPLETED	IMPORT	2025-11-04 22:49:47.237362+07	3	18	8000000.00
\.



COPY public.purchase_order_items (id, import_price, quantity, subtotal, variant_id, purchase_order_id) FROM stdin;
5	4.00	4	16.00	4	1
6	4.00	2	8.00	3	1
7	2.00	1	2.00	3	2
8	2.00	2	4.00	4	2
9	4.00	2	8.00	3	3
10	4.00	1	4.00	4	4
11	9.00	8	72.00	2	5
13	2.00	2	4.00	4	6
14	123.00	23	2829.00	4	7
16	33333.00	12	399996.00	5	9
17	100000.00	12	1200000.00	2	8
18	22.00	12	264.00	2	10
19	33.00	12	396.00	2	11
20	4.00	1	4.00	3	12
21	4.00	3	12.00	5	12
22	3.00	2	6.00	4	13
23	3.00	3	9.00	5	13
24	12.00	323	3876.00	5	14
25	12.00	33	396.00	3	14
26	2.00	1	2.00	9	15
27	112.00	2	224.00	5	16
28	333.00	2	666.00	5	17
29	123.00	13	1599.00	3	18
30	1234.00	2	2468.00	9	19
31	1200000.00	10	12000000.00	11	20
32	1000000.00	11	11000000.00	12	21
33	1000000.00	3	3000000.00	12	22
34	1233.00	13	16029.00	2	22
36	32.00	21	672.00	3	23
37	10000000.00	100	1000000000.00	12	24
38	9000000.00	100	900000000.00	10	25
39	9000000.00	100	900000000.00	4	25
40	8900000.00	100	890000000.00	2	25
41	8900000.00	100	890000000.00	9	25
42	13000000.00	50	650000000.00	5	25
43	15000000.00	50	750000000.00	3	25
44	13000000.00	100	1300000000.00	11	25
46	20000000.00	2	40000000.00	12	27
47	9000000.00	100	900000000.00	14	28
49	8000000.00	50	400000000.00	15	29
\.


--
-- Data for Name: purchase_orders; Type: TABLE DATA; Schema: public; Owner: huy
--

COPY public.purchase_orders (id, code, created_at, created_by, status, total_amount, updated_at, updated_by, supplier_id, warehouse_id) FROM stdin;
1	NH-11102025-1	2025-10-11 14:30:24.597541+07	3	COMPLETED	24.00	2025-10-11 14:36:27.377561+07	3	4	2
2	NH-11102025-2	2025-10-11 20:14:51.360036+07	3	COMPLETED	6.00	2025-10-11 20:15:11.884049+07	3	1	2
3	NH-11102025-3	2025-10-11 20:16:00.418394+07	3	COMPLETED	8.00	2025-10-11 20:16:14.300327+07	3	1	2
4	NH-11102025-4	2025-10-11 21:34:12.942075+07	3	COMPLETED	4.00	2025-10-11 21:34:18.623131+07	3	4	2
5	NH-11102025-5	2025-10-11 21:34:34.602352+07	3	COMPLETED	72.00	2025-10-11 21:34:37.710074+07	3	1	2
6	NH-11102025-6	2025-10-11 23:01:44.190405+07	3	PENDING	4.00	2025-10-11 23:01:44.190405+07	3	4	2
7	NH-14102025-1	2025-10-14 22:29:59.581067+07	3	COMPLETED	2829.00	2025-10-14 22:30:25.780201+07	3	4	4
9	NH-15102025-2	2025-10-15 11:01:41.659004+07	3	COMPLETED	399996.00	2025-10-15 11:02:09.707138+07	3	1	4
8	NH-15102025-1	2025-10-15 10:58:55.775459+07	3	COMPLETED	1200000.00	2025-10-15 11:23:22.983195+07	3	1	2
10	NH-15102025-3	2025-10-15 11:26:24.109088+07	3	COMPLETED	264.00	2025-10-15 11:26:27.993262+07	3	1	2
11	NH-15102025-4	2025-10-15 11:27:27.103945+07	3	COMPLETED	396.00	2025-10-15 11:27:31.944563+07	3	4	4
12	NH-15102025-5	2025-10-15 11:39:50.011143+07	3	COMPLETED	16.00	2025-10-15 11:40:12.995876+07	3	1	4
13	NH-16102025-1	2025-10-16 18:16:25.550253+07	3	PENDING	15.00	2025-10-16 18:16:25.550253+07	3	1	4
14	NH-16102025-2	2025-10-16 18:32:57.143395+07	3	COMPLETED	4272.00	2025-10-16 18:33:00.346365+07	3	1	4
15	NH-19102025-1	2025-10-19 13:11:49.71447+07	3	COMPLETED	2.00	2025-10-19 13:11:53.849293+07	3	1	4
16	NH-23102025-1	2025-10-23 16:27:59.424649+07	3	COMPLETED	224.00	2025-10-23 16:28:08.445477+07	3	1	4
17	NH-23102025-2	2025-10-23 17:30:52.558975+07	3	COMPLETED	666.00	2025-10-23 17:30:55.378598+07	3	4	4
18	NH-23102025-3	2025-10-23 21:10:56.476349+07	3	COMPLETED	1599.00	2025-10-23 21:10:59.199064+07	3	1	2
19	NH-25102025-1	2025-10-25 09:30:42.09871+07	3	COMPLETED	2468.00	2025-10-25 09:30:46.357115+07	3	1	4
20	NH-25102025-2	2025-10-25 21:12:17.634568+07	3	COMPLETED	12000000.00	2025-10-25 21:12:21.096527+07	3	4	4
21	NH-25102025-3	2025-10-25 21:14:32.380733+07	3	COMPLETED	11000000.00	2025-10-25 21:14:36.425515+07	3	1	2
22	NH-26102025-1	2025-10-26 19:16:16.283098+07	3	COMPLETED	3016029.00	2025-10-26 19:16:24.387943+07	3	1	4
23	NH-29102025-1	2025-10-29 11:01:09.654439+07	3	COMPLETED	672.00	2025-10-30 23:44:30.074661+07	3	1	4
24	NH-01112025-1	2025-11-01 17:24:52.636767+07	3	COMPLETED	1000000000.00	2025-11-01 17:24:56.644018+07	3	4	4
25	NH-02112025-1	2025-11-02 14:25:53.212768+07	3	COMPLETED	6280000000.00	2025-11-02 14:26:01.493218+07	3	4	2
27	NH-03112025-1	2025-11-03 22:22:06.25191+07	3	CANCELLED	40000000.00	2025-11-03 22:26:37.849813+07	3	4	4
28	NH-04112025-1	2025-11-04 22:15:51.376439+07	3	COMPLETED	900000000.00	2025-11-04 22:15:58.58465+07	3	1	4
29	NH-04112025-2	2025-11-04 22:49:29.413328+07	3	COMPLETED	400000000.00	2025-11-04 22:49:42.220469+07	3	1	4
\.


--
-- Data for Name: suppliers; Type: TABLE DATA; Schema: public; Owner: huy
--

COPY public.suppliers (id, address, created_at, email, name, phone, tax_code, updated_at, code, description) FROM stdin;
4	fasdf	2025-10-08 12:01:47.847252+07	12134@gads	NCC B	012312412	123123123	2025-10-08 12:01:47.847252+07	SUP-NCCB	
1	133 Nguyen Hue	2025-10-06 16:25:07.428354+07	asda@	NCC A	0941237646	1241231231	2025-10-31 09:40:39.545953+07	SUP-NCCA	Cung cap tien
\.


--
-- Data for Name: warehouses; Type: TABLE DATA; Schema: public; Owner: huy
--

COPY public.warehouses (id, address, created_at, description, name, updated_at, code) FROM stdin;
4	a b c	2025-10-12 10:19:30.342381+07		Kho B	2025-10-12 10:19:30.342381+07	WH-KHOB
2	123 Can Vuong	2025-10-06 17:58:01.094699+07	1235	Kho A	2025-10-31 09:38:03.286145+07	WH-KHOA
\.


--
-- Name: inventory_id_seq; Type: SEQUENCE SET; Schema: public; Owner: huy
--

SELECT pg_catalog.setval('public.inventory_id_seq', 18, true);


--
-- Name: inventory_transactions_id_seq; Type: SEQUENCE SET; Schema: public; Owner: huy
--

SELECT pg_catalog.setval('public.inventory_transactions_id_seq', 301, true);


--
-- Name: purchase_order_items_id_seq; Type: SEQUENCE SET; Schema: public; Owner: huy
--

SELECT pg_catalog.setval('public.purchase_order_items_id_seq', 49, true);


--
-- Name: purchase_orders_id_seq; Type: SEQUENCE SET; Schema: public; Owner: huy
--

SELECT pg_catalog.setval('public.purchase_orders_id_seq', 29, true);


--
-- Name: suppliers_id_seq; Type: SEQUENCE SET; Schema: public; Owner: huy
--

SELECT pg_catalog.setval('public.suppliers_id_seq', 5, true);


--
-- Name: warehouses_id_seq; Type: SEQUENCE SET; Schema: public; Owner: huy
--

SELECT pg_catalog.setval('public.warehouses_id_seq', 5, true);


--
-- Name: inventory inventory_pkey; Type: CONSTRAINT; Schema: public; Owner: huy
--

ALTER TABLE ONLY public.inventory
    ADD CONSTRAINT inventory_pkey PRIMARY KEY (id);


--
-- Name: inventory_transactions inventory_transactions_pkey; Type: CONSTRAINT; Schema: public; Owner: huy
--

ALTER TABLE ONLY public.inventory_transactions
    ADD CONSTRAINT inventory_transactions_pkey PRIMARY KEY (id);


--
-- Name: purchase_order_items purchase_order_items_pkey; Type: CONSTRAINT; Schema: public; Owner: huy
--

ALTER TABLE ONLY public.purchase_order_items
    ADD CONSTRAINT purchase_order_items_pkey PRIMARY KEY (id);


--
-- Name: purchase_orders purchase_orders_pkey; Type: CONSTRAINT; Schema: public; Owner: huy
--

ALTER TABLE ONLY public.purchase_orders
    ADD CONSTRAINT purchase_orders_pkey PRIMARY KEY (id);


--
-- Name: suppliers suppliers_pkey; Type: CONSTRAINT; Schema: public; Owner: huy
--

ALTER TABLE ONLY public.suppliers
    ADD CONSTRAINT suppliers_pkey PRIMARY KEY (id);


--
-- Name: purchase_orders uk3d8hk9ugqwxqofma6vfn1n62x; Type: CONSTRAINT; Schema: public; Owner: huy
--

ALTER TABLE ONLY public.purchase_orders
    ADD CONSTRAINT uk3d8hk9ugqwxqofma6vfn1n62x UNIQUE (code);


--
-- Name: warehouses uk6herdbg4x5wp6gkor8epv73oc; Type: CONSTRAINT; Schema: public; Owner: huy
--

ALTER TABLE ONLY public.warehouses
    ADD CONSTRAINT uk6herdbg4x5wp6gkor8epv73oc UNIQUE (code);


--
-- Name: inventory uk7m2dup7527xai4qx77vi1x0aj; Type: CONSTRAINT; Schema: public; Owner: huy
--

ALTER TABLE ONLY public.inventory
    ADD CONSTRAINT uk7m2dup7527xai4qx77vi1x0aj UNIQUE (variant_id, warehouse_id);


--
-- Name: suppliers uk8kh5crh75ye2imfi5yv37p61o; Type: CONSTRAINT; Schema: public; Owner: huy
--

ALTER TABLE ONLY public.suppliers
    ADD CONSTRAINT uk8kh5crh75ye2imfi5yv37p61o UNIQUE (code);


--
-- Name: inventory_transactions uka6g3arclks8oxbv9s1a148tlr; Type: CONSTRAINT; Schema: public; Owner: huy
--

ALTER TABLE ONLY public.inventory_transactions
    ADD CONSTRAINT uka6g3arclks8oxbv9s1a148tlr UNIQUE (code);


--
-- Name: warehouses warehouses_pkey; Type: CONSTRAINT; Schema: public; Owner: huy
--

ALTER TABLE ONLY public.warehouses
    ADD CONSTRAINT warehouses_pkey PRIMARY KEY (id);


--
-- Name: idx_inv_trans_created_at; Type: INDEX; Schema: public; Owner: huy
--

CREATE INDEX idx_inv_trans_created_at ON public.inventory_transactions USING btree (created_at DESC);


--
-- Name: idx_inv_trans_inventory_status; Type: INDEX; Schema: public; Owner: huy
--

CREATE INDEX idx_inv_trans_inventory_status ON public.inventory_transactions USING btree (inventory_id, status);


--
-- Name: idx_inv_trans_pending; Type: INDEX; Schema: public; Owner: huy
--

CREATE INDEX idx_inv_trans_pending ON public.inventory_transactions USING btree (reference_type, reference_code, transaction_type) WHERE ((status)::text = 'PENDING'::text);


--
-- Name: idx_inventory_variant_id; Type: INDEX; Schema: public; Owner: huy
--

CREATE INDEX idx_inventory_variant_id ON public.inventory USING btree (variant_id);


--
-- Name: idx_inventory_variant_warehouse; Type: INDEX; Schema: public; Owner: huy
--

CREATE INDEX idx_inventory_variant_warehouse ON public.inventory USING btree (variant_id, warehouse_id);


--
-- Name: inventory fk52wtagl8u69w0vduys8nsyi0x; Type: FK CONSTRAINT; Schema: public; Owner: huy
--

ALTER TABLE ONLY public.inventory
    ADD CONSTRAINT fk52wtagl8u69w0vduys8nsyi0x FOREIGN KEY (warehouse_id) REFERENCES public.warehouses(id);


--
-- Name: purchase_orders fk83rqgbblncfji6cyhcqsyl8hm; Type: FK CONSTRAINT; Schema: public; Owner: huy
--

ALTER TABLE ONLY public.purchase_orders
    ADD CONSTRAINT fk83rqgbblncfji6cyhcqsyl8hm FOREIGN KEY (warehouse_id) REFERENCES public.warehouses(id);


--
-- Name: purchase_order_items fko3yj8ocbw2kav38548t22hgh8; Type: FK CONSTRAINT; Schema: public; Owner: huy
--

ALTER TABLE ONLY public.purchase_order_items
    ADD CONSTRAINT fko3yj8ocbw2kav38548t22hgh8 FOREIGN KEY (purchase_order_id) REFERENCES public.purchase_orders(id);


--
-- Name: inventory_transactions fkr7t3nlrgle6438pr92jfl4n8s; Type: FK CONSTRAINT; Schema: public; Owner: huy
--

ALTER TABLE ONLY public.inventory_transactions
    ADD CONSTRAINT fkr7t3nlrgle6438pr92jfl4n8s FOREIGN KEY (inventory_id) REFERENCES public.inventory(id);


--
-- Name: purchase_orders fkrpdasmb8y8xs5tiy4369xpinq; Type: FK CONSTRAINT; Schema: public; Owner: huy
--

ALTER TABLE ONLY public.purchase_orders
    ADD CONSTRAINT fkrpdasmb8y8xs5tiy4369xpinq FOREIGN KEY (supplier_id) REFERENCES public.suppliers(id);



